onset	duration	trial_type	stimulus
0.7	0.25	word	Il
1.0	0.25	word	se
1.3	0.25	word	trouvait
1.6	0.25	word	dans
1.9	0.25	word	la
2.2	0.25	word	région
2.5	0.25	word	des
2.8000000000000007	0.25	word	astéroïdes
3.1000000000000005	0.25	word	325,
3.4000000000000004	0.25	word	326,
3.7	0.25	word	327,
4.000000000000001	0.25	word	328,
4.300000000000001	0.25	word	329
4.6000000000000005	0.25	word	et
4.900000000000001	0.25	word	330.
5.700000000000001	0.25	word	Il
6.000000000000001	0.25	word	commença
6.300000000000001	0.25	word	donc
6.6000000000000005	0.25	word	par
6.900000000000001	0.25	word	les
7.200000000000001	0.25	word	visiter
7.500000000000001	0.25	word	pour
7.800000000000002	0.25	word	y
8.100000000000001	0.25	word	chercher
8.400000000000002	0.25	word	une
8.700000000000001	0.25	word	occupation
9.0	0.25	word	et
9.3	0.25	word	pour
9.6	0.25	word	s'instruire.
10.4	0.25	word	Le
10.7	0.25	word	premier
11.0	0.25	word	était
11.3	0.25	word	habité
11.6	0.25	word	par
11.9	0.25	word	un
12.2	0.25	word	roi.
13.0	0.25	word	Le
13.3	0.25	word	roi
13.6	0.25	word	siégeait,
13.9	0.25	word	habillé
14.2	0.25	word	de
14.500000000000002	0.25	word	pourpre
14.8	0.25	word	et
15.1	0.25	word	d'hermine,
15.400000000000002	0.25	word	sur
15.7	0.25	word	un
16.0	0.25	word	trône
16.3	0.25	word	très
16.6	0.25	word	simple
16.900000000000002	0.25	word	et
17.200000000000003	0.25	word	cependant
17.500000000000004	0.25	word	majestueux.
18.3	0.25	word	"""ah!"
19.1	0.25	word	Voilà
19.4	0.25	word	un
19.700000000000003	0.25	word	"sujet!"","
20.500000000000004	0.25	word	S'écria
20.8	0.25	word	le
21.1	0.25	word	roi
21.4	0.25	word	quand
21.700000000000003	0.25	word	il
22.000000000000004	0.25	word	aperçut
22.3	0.25	word	le
22.6	0.25	word	petit
22.9	0.25	word	prince.
23.700000000000003	0.25	word	Et
24.000000000000004	0.25	word	le
24.3	0.25	word	petit
24.6	0.25	word	prince
24.9	0.25	word	se
25.200000000000003	0.25	word	demanda:
25.500000000000004	0.25	word	"""comment"
25.8	0.25	word	peut-il
26.1	0.25	word	me
26.4	0.25	word	reconnaître
26.700000000000003	0.25	word	puisqu'il
27.000000000000004	0.25	word	ne
27.300000000000004	0.25	word	m'a
27.6	0.25	word	encore
27.9	0.25	word	jamais
28.200000000000003	0.25	word	"vu!"""
29.000000000000004	0.25	word	Il
29.300000000000004	0.25	word	ne
29.6	0.25	word	savait
29.9	0.25	word	pas
30.200000000000003	0.25	word	que,
30.500000000000004	0.25	word	pour
30.800000000000004	0.25	word	les
31.100000000000005	0.25	word	rois,
31.4	0.25	word	le
31.700000000000003	0.25	word	monde
32.0	0.25	word	est
32.300000000000004	0.25	word	très
32.60000000000001	0.25	word	simplifié.
33.400000000000006	0.25	word	Tous
33.7	0.25	word	les
34.0	0.25	word	hommes
34.300000000000004	0.25	word	sont
34.60000000000001	0.25	word	des
34.900000000000006	0.25	word	sujets.
35.7	0.25	word	"""approche-toi"
36.0	0.25	word	que
36.3	0.25	word	je
36.60000000000001	0.25	word	te
36.900000000000006	0.25	word	voie
37.2	0.25	word	"mieux"","
37.50000000000001	0.25	word	lui
37.8	0.25	word	dit
38.10000000000001	0.25	word	le
38.400000000000006	0.25	word	roi
38.70000000000001	0.25	word	qui
39.00000000000001	0.25	word	était
39.30000000000001	0.25	word	tout
39.60000000000001	0.25	word	fier
39.900000000000006	0.25	word	d'être
40.20000000000001	0.25	word	enfin
40.50000000000001	0.25	word	roi
40.80000000000001	0.25	word	pour
41.10000000000001	0.25	word	quelqu'un.
41.900000000000006	0.25	word	Le
42.20000000000001	0.25	word	petit
42.50000000000001	0.25	word	prince
42.80000000000001	0.25	word	chercha
43.10000000000001	0.25	word	des
43.400000000000006	0.25	word	yeux
43.70000000000001	0.25	word	où
44.00000000000001	0.25	word	s'asseoir,
44.30000000000001	0.25	word	mais
44.60000000000001	0.25	word	la
44.900000000000006	0.25	word	planète
45.20000000000001	0.25	word	était
45.50000000000001	0.25	word	tout
45.80000000000001	0.25	word	encombrée
46.10000000000001	0.25	word	par
46.400000000000006	0.25	word	le
46.70000000000001	0.25	word	magnifique
47.00000000000001	0.25	word	manteau
47.30000000000001	0.25	word	d'hermine.
48.10000000000001	0.25	word	Il
48.400000000000006	0.25	word	resta
48.70000000000001	0.25	word	donc
49.00000000000001	0.25	word	debout,
49.30000000000001	0.25	word	et,
49.60000000000001	0.25	word	comme
49.900000000000006	0.25	word	il
50.20000000000001	0.25	word	était
50.50000000000001	0.25	word	fatigué,
50.80000000000001	0.25	word	il
51.10000000000001	0.25	word	bâilla.
51.90000000000001	0.25	word	"""il"
52.20000000000001	0.25	word	est
52.50000000000001	0.25	word	contraire
52.80000000000001	0.25	word	à
53.10000000000001	0.25	word	l'étiquette
53.40000000000001	0.25	word	de
53.70000000000001	0.25	word	bâiller
54.00000000000001	0.25	word	en
54.30000000000001	0.25	word	présence
54.60000000000001	0.25	word	d'un
54.90000000000001	0.25	word	roi,
55.20000000000001	0.25	word	lui
55.50000000000001	0.25	word	dit
55.80000000000001	0.25	word	le
56.10000000000001	0.25	word	monarque.
56.90000000000001	0.25	word	Je
57.20000000000001	0.25	word	te
57.50000000000001	0.25	word	l'interdis.
58.30000000000001	0.25	word	-je
58.60000000000001	0.25	word	ne
58.90000000000001	0.25	word	peux
59.20000000000001	0.25	word	pas
59.50000000000001	0.25	word	m'en
59.80000000000001	0.25	word	empêcher,
60.10000000000001	0.25	word	répondit
60.40000000000001	0.25	word	le
60.70000000000001	0.25	word	petit
61.000000000000014	0.25	word	prince
61.30000000000001	0.25	word	tout
61.60000000000001	0.25	word	confus
61.90000000000001	0.25	word	j'ai
62.20000000000001	0.25	word	fait
62.500000000000014	0.25	word	un
62.80000000000001	0.25	word	long
63.10000000000001	0.25	word	voyage
63.40000000000001	0.25	word	et
63.70000000000001	0.25	word	je
64.00000000000001	0.25	word	n'ai
64.30000000000001	0.25	word	pas
64.60000000000001	0.25	word	dormi...
65.4	0.25	word	-alors,
65.70000000000002	0.25	word	lui
66.00000000000001	0.25	word	dit
66.30000000000001	0.25	word	le
66.60000000000001	0.25	word	roi,
66.9	0.25	word	je
67.20000000000002	0.25	word	t'ordonne
67.50000000000001	0.25	word	de
67.80000000000001	0.25	word	bâiller.
68.60000000000001	0.25	word	Je
68.9	0.25	word	n'ai
69.20000000000002	0.25	word	vu
69.50000000000001	0.25	word	personne
69.80000000000001	0.25	word	bailler
70.10000000000001	0.25	word	depuis
70.4	0.25	word	des
70.70000000000002	0.25	word	années.
71.50000000000001	0.25	word	Les
71.80000000000001	0.25	word	bâillements
72.10000000000001	0.25	word	sont
72.4	0.25	word	pour
72.70000000000002	0.25	word	moi
73.00000000000001	0.25	word	des
73.30000000000001	0.25	word	curiosités.
74.10000000000001	0.25	word	Allons!
74.9	0.25	word	Bâille
75.20000000000002	0.25	word	encore.
76.00000000000001	0.25	word	C'est
76.30000000000001	0.25	word	un
76.60000000000001	0.25	word	ordre.
77.4	0.25	word	-ça
77.70000000000002	0.25	word	m'intimide...
78.50000000000001	0.25	word	Je
78.80000000000001	0.25	word	ne
79.10000000000001	0.25	word	peux
79.40000000000002	0.25	word	plus...,
80.20000000000002	0.25	word	Fit
80.50000000000001	0.25	word	le
80.80000000000001	0.25	word	petit
81.10000000000001	0.25	word	prince
81.40000000000002	0.25	word	tout
81.70000000000002	0.25	word	rougissant.
82.50000000000001	0.25	word	-hum!
83.30000000000001	0.25	word	Hum!
84.10000000000001	0.25	word	Répondit
84.40000000000002	0.25	word	le
84.70000000000002	0.25	word	roi.
85.50000000000001	0.25	word	Alors
85.80000000000001	0.25	word	je...
86.60000000000001	0.25	word	Je
86.90000000000002	0.25	word	t'ordonne
87.20000000000002	0.25	word	tantôt
87.50000000000001	0.25	word	de
87.80000000000001	0.25	word	bâiller
88.10000000000001	0.25	word	et
88.40000000000002	0.25	word	tantôt
88.70000000000002	0.25	word	"de..."""
89.50000000000001	0.25	word	Il
89.80000000000001	0.25	word	bredouillait
90.1	0.25	word	un
90.40000000000002	0.25	word	peu
90.70000000000002	0.25	word	et
91.0	0.25	word	paraissait
91.3	0.25	word	vexé.
92.1	0.25	word	Car
92.40000000000002	0.25	word	le
92.70000000000002	0.25	word	roi
93.0	0.25	word	tenait
93.3	0.25	word	essentiellement
93.6	0.25	word	à
93.90000000000002	0.25	word	ce
94.20000000000002	0.25	word	que
94.5	0.25	word	son
94.8	0.25	word	autorité
95.1	0.25	word	fût
95.40000000000002	0.25	word	respectée.
96.20000000000002	0.25	word	Il
96.5	0.25	word	ne
96.8	0.25	word	tolérait
97.1	0.25	word	pas
97.40000000000002	0.25	word	la
97.70000000000002	0.25	word	désobéissance.
98.5	0.25	word	C'était
98.8	0.25	word	un
99.1	0.25	word	monarque
99.40000000000002	0.25	word	absolu.
100.20000000000002	0.25	word	Mais,
100.5	0.25	word	comme
100.8	0.25	word	il
101.1	0.25	word	était
101.40000000000002	0.25	word	très
101.70000000000002	0.25	word	bon,
102.0	0.25	word	il
102.3	0.25	word	donnait
102.6	0.25	word	des
102.90000000000002	0.25	word	ordres
103.20000000000002	0.25	word	raisonnables.
104.0	0.25	word	"""si"
104.3	0.25	word	j'ordonnais,
104.6	0.25	word	disait-il
104.90000000000002	0.25	word	couramment,
105.20000000000002	0.25	word	si
105.5	0.25	word	j'ordonnais
105.8	0.25	word	à
106.10000000000002	0.25	word	un
106.40000000000002	0.25	word	général
106.70000000000002	0.25	word	de
107.0	0.25	word	se
107.3	0.25	word	changer
107.60000000000002	0.25	word	en
107.90000000000002	0.25	word	oiseau
108.20000000000002	0.25	word	de
108.5	0.25	word	mer,
108.8	0.25	word	et
109.10000000000002	0.25	word	si
109.40000000000002	0.25	word	le
109.70000000000002	0.25	word	général
110.0	0.25	word	n'obéissait
110.3	0.25	word	pas,
110.60000000000002	0.25	word	ce
110.90000000000002	0.25	word	ne
111.20000000000002	0.25	word	serait
111.5	0.25	word	pas
111.8	0.25	word	la
112.10000000000002	0.25	word	faute
112.40000000000002	0.25	word	du
112.70000000000002	0.25	word	général.
113.5	0.25	word	Ce
113.8	0.25	word	serait
114.10000000000002	0.25	word	ma
114.40000000000002	0.25	word	"faute."""
115.20000000000002	0.25	word	"""puis-je"
115.5	0.25	word	m'asseoir?
116.3	0.25	word	S'enquit
116.60000000000002	0.25	word	timidement
116.90000000000002	0.25	word	le
117.20000000000002	0.25	word	petit
117.5	0.25	word	prince.
118.3	0.25	word	-je
118.60000000000002	0.25	word	t'ordonne
118.90000000000002	0.25	word	de
119.20000000000002	0.25	word	"t'asseoir"","
119.5	0.25	word	lui
119.8	0.25	word	répondit
120.10000000000002	0.25	word	le
120.40000000000002	0.25	word	roi,
120.70000000000002	0.25	word	qui
121.0	0.25	word	ramena
121.3	0.25	word	majestueusement
121.60000000000002	0.25	word	un
121.90000000000002	0.25	word	pan
122.20000000000002	0.25	word	de
122.5	0.25	word	son
122.8	0.25	word	manteau
123.10000000000002	0.25	word	d'hermine.
123.90000000000002	0.25	word	Mais
124.20000000000002	0.25	word	le
124.5	0.25	word	petit
124.8	0.25	word	prince
125.10000000000002	0.25	word	s'étonnait.
125.90000000000002	0.25	word	La
126.20000000000002	0.25	word	planète
126.5	0.25	word	était
126.80000000000004	0.25	word	minuscule.
127.60000000000002	0.25	word	Sur
127.90000000000002	0.25	word	quoi
128.20000000000002	0.25	word	le
128.5	0.25	word	roi
128.8	0.25	word	pouvait-il
129.10000000000002	0.25	word	bien
129.40000000000003	0.25	word	régner?
130.20000000000002	0.25	word	"""sire,"
130.5	0.25	word	lui
130.8	0.25	word	dit-il...
131.60000000000002	0.25	word	Je
131.90000000000003	0.25	word	vous
132.20000000000002	0.25	word	demande
132.5	0.25	word	pardon
132.8	0.25	word	de
133.10000000000002	0.25	word	vous
133.40000000000003	0.25	word	interroger...
134.20000000000002	0.25	word	-je
134.5	0.25	word	t'ordonne
134.8	0.25	word	de
135.10000000000002	0.25	word	m'interroger,
135.40000000000003	0.25	word	se
135.70000000000002	0.25	word	hâta
136.0	0.25	word	de
136.3	0.25	word	dire
136.60000000000002	0.25	word	le
136.90000000000003	0.25	word	roi.
137.70000000000002	0.25	word	-sire...
138.5	0.25	word	Sur
138.8	0.25	word	quoi
139.10000000000002	0.25	word	régnez-vous?
139.90000000000003	0.25	word	-sur
140.20000000000002	0.25	word	tout,
140.5	0.25	word	répondit
140.8	0.25	word	le
141.10000000000002	0.25	word	roi,
141.40000000000003	0.25	word	avec
141.70000000000002	0.25	word	une
142.0	0.25	word	grande
142.3	0.25	word	simplicité.
143.10000000000002	0.25	word	-sur
143.40000000000003	0.25	word	"tout?"""
144.20000000000002	0.25	word	Le
144.5	0.25	word	roi
144.8	0.25	word	d'un
145.10000000000002	0.25	word	geste
145.40000000000003	0.25	word	discret
145.70000000000002	0.25	word	désigna
146.0	0.25	word	sa
146.3	0.25	word	planète,
146.60000000000002	0.25	word	les
146.90000000000003	0.25	word	autres
147.20000000000002	0.25	word	planètes
147.5	0.25	word	et
147.8	0.25	word	les
148.10000000000002	0.25	word	étoiles.
148.90000000000003	0.25	word	"""sur"
149.20000000000002	0.25	word	tout
149.5	0.25	word	ça?
150.3	0.25	word	Dit
150.60000000000002	0.25	word	le
150.90000000000003	0.25	word	petit
151.20000000000002	0.25	word	prince.
152.0	0.25	word	Sur
152.3	0.25	word	tout
152.60000000000002	0.25	word	"ça..."","
153.40000000000003	0.25	word	Répondit
153.70000000000002	0.25	word	le
154.00000000000003	0.25	word	roi.
154.8	0.25	word	Car
155.10000000000002	0.25	word	non
155.40000000000003	0.25	word	seulement
155.70000000000002	0.25	word	c'était
156.00000000000003	0.25	word	un
156.3	0.25	word	monarque
156.6	0.25	word	absolu
156.9	0.25	word	mais
157.20000000000002	0.25	word	c'était
157.5	0.25	word	un
157.8	0.25	word	monarque
158.1	0.25	word	universel.
158.9	0.25	word	"""et"
159.20000000000002	0.25	word	les
159.5	0.25	word	étoiles
159.8	0.25	word	vous
160.1	0.25	word	obéissent?
160.9	0.25	word	-bien
161.20000000000002	0.25	word	sûr,
161.5	0.25	word	lui
161.8	0.25	word	dit
162.1	0.25	word	le
162.4	0.25	word	roi.
163.20000000000002	0.25	word	Elles
163.5	0.25	word	obéissent
163.8	0.25	word	aussitôt.
164.60000000000002	0.25	word	Je
164.9	0.25	word	ne
165.20000000000002	0.25	word	tolère
165.5	0.25	word	pas
165.8	0.25	word	"l'indiscipline."""
166.60000000000002	0.25	word	Un
166.9	0.25	word	tel
167.20000000000002	0.25	word	pouvoir
167.5	0.25	word	émerveilla
167.8	0.25	word	le
168.10000000000002	0.25	word	petit
168.4	0.25	word	prince.
169.20000000000002	0.25	word	S'il
169.5	0.25	word	l'avait
169.8	0.25	word	détenu
170.10000000000002	0.25	word	lui-même,
170.4	0.25	word	il
170.70000000000002	0.25	word	aurait
171.0	0.25	word	pu
171.3	0.25	word	assister,
171.60000000000002	0.25	word	non
171.9	0.25	word	pas
172.20000000000002	0.25	word	à
172.5	0.25	word	quarante-quatre,
172.8	0.25	word	mais
173.10000000000002	0.25	word	à
173.4	0.25	word	soixante-douze,
173.70000000000002	0.25	word	ou
174.0	0.25	word	même
174.3	0.25	word	à
174.60000000000002	0.25	word	cent,
174.9	0.25	word	ou
175.20000000000002	0.25	word	même
175.5	0.25	word	à
175.8	0.25	word	deux
176.10000000000002	0.25	word	cents
176.4	0.25	word	couchers
176.70000000000002	0.25	word	de
177.0	0.25	word	soleil
177.3	0.25	word	dans
177.60000000000002	0.25	word	la
177.9	0.25	word	même
178.20000000000002	0.25	word	journée,
178.5	0.25	word	sans
178.8	0.25	word	avoir
179.10000000000002	0.25	word	jamais
179.4	0.25	word	à
179.70000000000002	0.25	word	tirer
180.0	0.25	word	sa
180.3	0.25	word	chaise!
181.1	0.25	word	Et
181.4	0.25	word	comme
181.7	0.25	word	il
182.0	0.25	word	se
182.3	0.25	word	sentait
182.6	0.25	word	un
182.9	0.25	word	peu
183.2	0.25	word	triste
183.5	0.25	word	à
183.8	0.25	word	cause
184.1	0.25	word	du
184.4	0.25	word	souvenir
184.7	0.25	word	de
185.0	0.25	word	sa
185.3	0.25	word	petite
185.6	0.25	word	planète
185.9	0.25	word	abandonnée,
186.2	0.25	word	il
186.5	0.25	word	s'enhardit
186.8	0.25	word	à
187.1	0.25	word	solliciter
187.4	0.25	word	une
187.7	0.25	word	grâce
188.0	0.25	word	du
188.3	0.25	word	roi:
188.6	0.25	word	"""je"
188.9	0.25	word	voudrais
189.2	0.25	word	voir
189.5	0.25	word	un
189.8	0.25	word	coucher
190.1	0.25	word	de
190.4	0.25	word	soleil...
191.2	0.25	word	Faites-moi
191.5	0.25	word	plaisir...
192.3	0.25	word	Ordonnez
192.6	0.25	word	au
192.9	0.25	word	soleil
193.2	0.25	word	de
193.5	0.25	word	se
193.8	0.25	word	coucher...
194.6	0.25	word	-si
194.9	0.25	word	j'ordonnais
195.2	0.25	word	à
195.5	0.25	word	un
195.8	0.25	word	général
196.1	0.25	word	de
196.4	0.25	word	voler
196.7	0.25	word	d'une
197.0	0.25	word	fleur
197.3	0.25	word	à
197.6	0.25	word	l'autre
197.9	0.25	word	à
198.2	0.25	word	la
198.5	0.25	word	façon
198.8	0.25	word	d'un
199.1	0.25	word	papillon,
199.4	0.25	word	ou
199.7	0.25	word	d'écrire
200.0	0.25	word	une
200.3	0.25	word	tragédie,
200.6	0.25	word	ou
200.9	0.25	word	de
201.2	0.25	word	se
201.5	0.25	word	changer
201.8	0.25	word	en
202.1	0.25	word	oiseau
202.4	0.25	word	de
202.7	0.25	word	mer,
203.0	0.25	word	et
203.3	0.25	word	si
203.6	0.25	word	le
203.9	0.25	word	général
204.2	0.25	word	n'exécutait
204.5	0.25	word	pas
204.8	0.25	word	l'ordre
205.1	0.25	word	reçu,
205.4	0.25	word	qui,
205.7	0.25	word	de
206.0	0.25	word	lui
206.3	0.25	word	ou
206.6	0.25	word	de
206.9	0.25	word	moi,
207.2	0.25	word	serait
207.50000000000003	0.25	word	dans
207.8	0.25	word	son
208.1	0.25	word	tort?
208.9	0.25	word	-ce
209.2	0.25	word	serait
209.50000000000003	0.25	word	vous,
209.8	0.25	word	dit
210.1	0.25	word	fermement
210.4	0.25	word	le
210.7	0.25	word	petit
211.00000000000003	0.25	word	prince.
211.8	0.25	word	-exact.
212.6	0.25	word	Il
212.9	0.25	word	faut
213.2	0.25	word	exiger
213.50000000000003	0.25	word	de
213.8	0.25	word	chacun
214.1	0.25	word	ce
214.4	0.25	word	que
214.7	0.25	word	chacun
215.00000000000003	0.25	word	peut
215.3	0.25	word	donner,
215.6	0.25	word	reprit
215.9	0.25	word	le
216.2	0.25	word	roi.
217.00000000000003	0.25	word	L'autorité
217.3	0.25	word	repose
217.6	0.25	word	d'abord
217.9	0.25	word	sur
218.2	0.25	word	la
218.50000000000003	0.25	word	raison.
219.3	0.25	word	Si
219.6	0.25	word	tu
219.9	0.25	word	ordonnes
220.2	0.25	word	à
220.50000000000003	0.25	word	ton
220.8	0.25	word	peuple
221.1	0.25	word	d'aller
221.4	0.25	word	se
221.7	0.25	word	jeter
222.00000000000003	0.25	word	à
222.3	0.25	word	la
222.6	0.25	word	mer,
222.9	0.25	word	il
223.2	0.25	word	fera
223.50000000000003	0.25	word	la
223.8	0.25	word	révolution.
224.6	0.25	word	J'ai
224.9	0.25	word	le
225.2	0.25	word	droit
225.50000000000003	0.25	word	d'exiger
225.8	0.25	word	l'obéissance
226.1	0.25	word	parce
226.4	0.25	word	que
226.7	0.25	word	mes
227.00000000000003	0.25	word	ordres
227.3	0.25	word	sont
227.6	0.25	word	raisonnables.
228.4	0.25	word	-alors
228.7	0.25	word	mon
229.00000000000003	0.25	word	coucher
229.3	0.25	word	de
229.6	0.25	word	soleil?
230.4	0.25	word	Rappela
230.7	0.25	word	le
231.00000000000003	0.25	word	petit
231.3	0.25	word	prince
231.6	0.25	word	qui
231.9	0.25	word	jamais
232.2	0.25	word	n'oubliait
232.50000000000003	0.25	word	une
232.8	0.25	word	question
233.1	0.25	word	une
233.4	0.25	word	fois
233.7	0.25	word	qu'il
234.00000000000003	0.25	word	l'avait
234.3	0.25	word	posée.
235.1	0.25	word	-ton
235.4	0.25	word	coucher
235.7	0.25	word	de
236.00000000000003	0.25	word	soleil,
236.3	0.25	word	tu
236.6	0.25	word	l'auras.
237.4	0.25	word	Je
237.7	0.25	word	l'exigerai.
238.50000000000003	0.25	word	Mais
238.8	0.25	word	j'attendrai,
239.1	0.25	word	dans
239.4	0.25	word	ma
239.7	0.25	word	science
240.00000000000003	0.25	word	du
240.3	0.25	word	gouvernement,
240.6	0.25	word	que
240.9	0.25	word	les
241.2	0.25	word	conditions
241.50000000000003	0.25	word	soient
241.8	0.25	word	favorables.
242.6	0.25	word	-quand
242.9	0.25	word	ça
243.2	0.25	word	sera-t-il?
244.00000000000003	0.25	word	S'informa
244.3	0.25	word	le
244.6	0.25	word	petit
244.9	0.25	word	prince.
245.7	0.25	word	-hem!
246.50000000000003	0.25	word	Hem!
247.3	0.25	word	Lui
247.6	0.25	word	répondit
247.9	0.25	word	le
248.2	0.25	word	roi,
248.50000000000003	0.25	word	qui
248.8	0.25	word	consulta
249.1	0.25	word	d'abord
249.4	0.25	word	un
249.7	0.25	word	gros
250.00000000000003	0.25	word	calendrier,
250.3	0.25	word	hem!
251.1	0.25	word	Hem!
251.9	0.25	word	Ce
252.2	0.25	word	sera,
252.50000000000003	0.25	word	vers...
253.3	0.25	word	Vers...
254.1	0.25	word	Ce
254.40000000000003	0.25	word	sera
254.7	0.25	word	ce
255.00000000000003	0.25	word	soir
255.3	0.25	word	vers
255.6	0.25	word	sept
255.90000000000003	0.25	word	heures
256.20000000000005	0.25	word	quarante!
257.0	0.25	word	Et
257.3	0.25	word	tu
257.6	0.25	word	verras
257.90000000000003	0.25	word	comme
258.20000000000005	0.25	word	je
258.5	0.25	word	suis
258.8	0.25	word	bien
259.1	0.25	word	"obéi."""
259.90000000000003	0.25	word	Le
260.20000000000005	0.25	word	petit
260.5	0.25	word	prince
260.8	0.25	word	bâilla.
261.6	0.25	word	Il
261.90000000000003	0.25	word	regrettait
262.20000000000005	0.25	word	son
262.5	0.25	word	coucher
262.8	0.25	word	de
263.1	0.25	word	soleil
263.40000000000003	0.25	word	manqué.
264.20000000000005	0.25	word	Et
264.5	0.25	word	puis
264.8	0.25	word	il
265.1	0.25	word	s'ennuyait
265.40000000000003	0.25	word	déjà
265.70000000000005	0.25	word	un
266.0	0.25	word	peu:
266.3	0.25	word	"""je"
266.6	0.25	word	n'ai
266.90000000000003	0.25	word	plus
267.20000000000005	0.25	word	rien
267.5	0.25	word	à
267.8	0.25	word	faire
268.1	0.25	word	ici,
268.40000000000003	0.25	word	dit-il
268.70000000000005	0.25	word	au
269.0	0.25	word	roi.
269.8	0.25	word	Je
270.1	0.25	word	vais
270.40000000000003	0.25	word	repartir!
271.20000000000005	0.25	word	-ne
271.5	0.25	word	pars
271.8	0.25	word	pas,
272.1	0.25	word	répondit
272.40000000000003	0.25	word	le
272.70000000000005	0.25	word	roi
273.0	0.25	word	qui
273.3	0.25	word	était
273.6	0.25	word	si
273.90000000000003	0.25	word	fier
274.20000000000005	0.25	word	d'avoir
274.5	0.25	word	un
274.8	0.25	word	sujet.
275.6	0.25	word	Ne
275.90000000000003	0.25	word	pars
276.20000000000005	0.25	word	pas,
276.5	0.25	word	je
276.8	0.25	word	te
277.1	0.25	word	fais
277.40000000000003	0.25	word	ministre!
278.20000000000005	0.25	word	-ministre
278.5	0.25	word	de
278.8	0.25	word	quoi?
279.6	0.25	word	-de...
280.40000000000003	0.25	word	De
280.70000000000005	0.25	word	la
281.0	0.25	word	justice!
281.8	0.25	word	-mais
282.1	0.25	word	il
282.40000000000003	0.25	word	n'y
282.70000000000005	0.25	word	a
283.0	0.25	word	personne
283.3	0.25	word	à
283.6	0.25	word	juger!
284.40000000000003	0.25	word	-on
284.70000000000005	0.25	word	ne
285.0	0.25	word	sait
285.3	0.25	word	pas,
285.6	0.25	word	lui
285.90000000000003	0.25	word	dit
286.20000000000005	0.25	word	le
286.5	0.25	word	roi.
287.3	0.25	word	Je
287.6	0.25	word	n'ai
287.90000000000003	0.25	word	pas
288.20000000000005	0.25	word	fait
288.5	0.25	word	encore
288.8	0.25	word	le
289.1	0.25	word	tour
289.40000000000003	0.25	word	de
289.70000000000005	0.25	word	mon
290.0	0.25	word	royaume.
290.8	0.25	word	Je
291.1	0.25	word	suis
291.40000000000003	0.25	word	très
291.70000000000005	0.25	word	vieux,
292.0	0.25	word	je
292.3	0.25	word	n'ai
292.6	0.25	word	pas
292.90000000000003	0.25	word	de
293.20000000000005	0.25	word	place
293.5	0.25	word	pour
293.8	0.25	word	un
294.1	0.25	word	carrosse,
294.40000000000003	0.25	word	et
294.70000000000005	0.25	word	ça
295.0	0.25	word	me
295.3	0.25	word	fatigue
295.6	0.25	word	de
295.90000000000003	0.25	word	marcher.
296.70000000000005	0.25	word	-oh!
297.5	0.25	word	Mais
297.8	0.25	word	j'ai
298.1	0.25	word	déjà
298.40000000000003	0.25	word	vu,
298.70000000000005	0.25	word	dit
299.0	0.25	word	le
299.3	0.25	word	petit
299.6	0.25	word	prince
299.90000000000003	0.25	word	qui
300.20000000000005	0.25	word	se
300.5	0.25	word	pencha
300.8	0.25	word	pour
301.1	0.25	word	jeter
301.40000000000003	0.25	word	encore
301.70000000000005	0.25	word	un
302.0	0.25	word	coup
302.30000000000007	0.25	word	d'oeil
302.6	0.25	word	sur
302.90000000000003	0.25	word	l'autre
303.20000000000005	0.25	word	côté
303.5	0.25	word	de
303.80000000000007	0.25	word	la
304.1	0.25	word	planète.
304.90000000000003	0.25	word	Il
305.20000000000005	0.25	word	n'y
305.5	0.25	word	a
305.80000000000007	0.25	word	personne
306.1	0.25	word	là-bas
306.40000000000003	0.25	word	non
306.70000000000005	0.25	word	plus...
307.50000000000006	0.25	word	-tu
307.80000000000007	0.25	word	te
308.1	0.25	word	jugeras
308.40000000000003	0.25	word	donc
308.70000000000005	0.25	word	toi-même,
309.0	0.25	word	lui
309.3	0.25	word	répondit
309.6	0.25	word	le
309.90000000000003	0.25	word	roi.
310.70000000000005	0.25	word	C'est
311.0	0.25	word	le
311.3	0.25	word	plus
311.6	0.25	word	difficile.
312.40000000000003	0.25	word	Il
312.70000000000005	0.25	word	est
313.0	0.25	word	bien
313.3	0.25	word	plus
313.6	0.25	word	difficile
313.90000000000003	0.25	word	de
314.20000000000005	0.25	word	se
314.5	0.25	word	juger
314.8	0.25	word	soi-même
315.1	0.25	word	que
315.40000000000003	0.25	word	de
315.70000000000005	0.25	word	juger
316.0	0.25	word	autrui.
316.8	0.25	word	Si
317.1	0.25	word	tu
317.40000000000003	0.25	word	réussis
317.70000000000005	0.25	word	à
318.0	0.25	word	bien
318.3	0.25	word	te
318.6	0.25	word	juger,
318.90000000000003	0.25	word	c'est
319.20000000000005	0.25	word	que
319.5	0.25	word	tu
319.8	0.25	word	es
320.1	0.25	word	un
320.40000000000003	0.25	word	véritable
320.70000000000005	0.25	word	sage.
321.5	0.25	word	-moi,
321.8	0.25	word	dit
322.1	0.25	word	le
322.40000000000003	0.25	word	petit
322.70000000000005	0.25	word	prince,
323.00000000000006	0.25	word	je
323.3	0.25	word	puis
323.6	0.25	word	me
323.90000000000003	0.25	word	juger
324.20000000000005	0.25	word	moi-même
324.50000000000006	0.25	word	n'importe
324.8	0.25	word	où.
325.6	0.25	word	Je
325.90000000000003	0.25	word	n'ai
326.20000000000005	0.25	word	pas
326.50000000000006	0.25	word	besoin
326.8	0.25	word	d'habiter
327.1	0.25	word	ici.
327.90000000000003	0.25	word	-hem!
328.70000000000005	0.25	word	Hem!
329.50000000000006	0.25	word	Dit
329.8	0.25	word	le
330.1	0.25	word	roi,
330.40000000000003	0.25	word	je
330.70000000000005	0.25	word	crois
331.00000000000006	0.25	word	bien
331.3	0.25	word	que
331.6	0.25	word	sur
331.90000000000003	0.25	word	ma
332.20000000000005	0.25	word	planète
332.50000000000006	0.25	word	il
332.8	0.25	word	y
333.1	0.25	word	a
333.40000000000003	0.25	word	quelque
333.70000000000005	0.25	word	part
334.00000000000006	0.25	word	un
334.3	0.25	word	vieux
334.6	0.25	word	rat.
335.40000000000003	0.25	word	Je
335.70000000000005	0.25	word	l'entends
336.00000000000006	0.25	word	la
336.3	0.25	word	nuit.
337.1	0.25	word	Tu
337.40000000000003	0.25	word	pourras
337.70000000000005	0.25	word	juger
338.00000000000006	0.25	word	ce
338.3	0.25	word	vieux
338.6	0.25	word	rat.
339.40000000000003	0.25	word	Tu
339.70000000000005	0.25	word	le
340.00000000000006	0.25	word	condamneras
340.3	0.25	word	à
340.6	0.25	word	mort
340.90000000000003	0.25	word	de
341.20000000000005	0.25	word	temps
341.50000000000006	0.25	word	en
341.8	0.25	word	temps.
342.6	0.25	word	Ainsi,
342.90000000000003	0.25	word	sa
343.20000000000005	0.25	word	vie
343.50000000000006	0.25	word	dépendra
343.8	0.25	word	de
344.1	0.25	word	ta
344.40000000000003	0.25	word	justice.
345.20000000000005	0.25	word	Mais
345.50000000000006	0.25	word	tu
345.8	0.25	word	le
346.1	0.25	word	gracieras
346.40000000000003	0.25	word	chaque
346.70000000000005	0.25	word	fois
347.00000000000006	0.25	word	pour
347.3	0.25	word	l'économiser.
348.1	0.25	word	Il
348.40000000000003	0.25	word	n'y
348.70000000000005	0.25	word	en
349.00000000000006	0.25	word	a
349.3	0.25	word	qu'un.
350.1	0.25	word	-moi,
350.40000000000003	0.25	word	répondit
350.70000000000005	0.25	word	le
351.00000000000006	0.25	word	petit
351.3	0.25	word	prince,
351.6	0.25	word	je
351.90000000000003	0.25	word	n'aime
352.20000000000005	0.25	word	pas
352.50000000000006	0.25	word	condamner
352.8	0.25	word	à
353.1	0.25	word	mort,
353.40000000000003	0.25	word	et
353.70000000000005	0.25	word	je
354.00000000000006	0.25	word	crois
354.3	0.25	word	bien
354.6	0.25	word	que
354.90000000000003	0.25	word	je
355.20000000000005	0.25	word	m'en
355.50000000000006	0.25	word	vais.
356.3	0.25	word	"-non"","
356.6	0.25	word	dit
356.90000000000003	0.25	word	le
357.20000000000005	0.25	word	roi.
358.00000000000006	0.25	word	Mais
358.3	0.25	word	le
358.6	0.25	word	petit
358.90000000000003	0.25	word	prince,
359.20000000000005	0.25	word	ayant
359.50000000000006	0.25	word	achevé
359.8	0.25	word	ses
360.1	0.25	word	préparatifs,
360.4	0.25	word	ne
360.7000000000001	0.25	word	voulut
361.00000000000006	0.25	word	point
361.3	0.25	word	peiner
361.6	0.25	word	le
361.9	0.25	word	vieux
362.2000000000001	0.25	word	monarque:
362.50000000000006	0.25	word	"""si"
362.8	0.25	word	votre
363.1	0.25	word	majesté
363.4	0.25	word	désirait
363.7000000000001	0.25	word	être
364.00000000000006	0.25	word	obéie
364.3	0.25	word	ponctuellement,
364.6	0.25	word	elle
364.9	0.25	word	pourrait
365.2000000000001	0.25	word	me
365.50000000000006	0.25	word	donner
365.8	0.25	word	un
366.1	0.25	word	ordre
366.4	0.25	word	raisonnable.
367.2000000000001	0.25	word	Elle
367.50000000000006	0.25	word	pourrait
367.8	0.25	word	m'ordonner,
368.1	0.25	word	par
368.4	0.25	word	exemple,
368.7000000000001	0.25	word	de
369.00000000000006	0.25	word	partir
369.3	0.25	word	avant
369.6	0.25	word	une
369.9	0.25	word	minute.
370.7000000000001	0.25	word	Il
371.00000000000006	0.25	word	me
371.3	0.25	word	semble
371.6	0.25	word	que
371.9	0.25	word	les
372.2000000000001	0.25	word	conditions
372.50000000000006	0.25	word	sont
372.8	0.25	word	"favorables..."""
373.6	0.25	word	Le
373.9	0.25	word	roi
374.2000000000001	0.25	word	n'ayant
374.50000000000006	0.25	word	rien
374.8	0.25	word	répondu,
375.1	0.25	word	le
375.4	0.25	word	petit
375.7000000000001	0.25	word	prince
376.00000000000006	0.25	word	hésita
376.3	0.25	word	d'abord,
376.6	0.25	word	puis,
376.9	0.25	word	avec
377.2000000000001	0.25	word	un
377.50000000000006	0.25	word	soupir,
377.8	0.25	word	prit
378.1	0.25	word	le
378.4	0.25	word	départ...
379.2000000000001	0.25	word	"""je"
379.50000000000006	0.25	word	te
379.8	0.25	word	fais
380.1	0.25	word	mon
380.4	0.25	word	"ambassadeur"","
380.7000000000001	0.25	word	se
381.00000000000006	0.25	word	hâta
381.3	0.25	word	alors
381.6	0.25	word	de
381.9	0.25	word	crier
382.2000000000001	0.25	word	le
382.50000000000006	0.25	word	roi.
383.3	0.25	word	Il
383.6	0.25	word	avait
383.9	0.25	word	un
384.2000000000001	0.25	word	grand
384.50000000000006	0.25	word	air
384.8	0.25	word	d'autorité.
385.6	0.25	word	"""les"
385.9	0.25	word	grandes
386.2000000000001	0.25	word	personnes
386.50000000000006	0.25	word	sont
386.8	0.25	word	bien
387.1	0.25	word	"étranges"","
387.4	0.25	word	se
387.7000000000001	0.25	word	dit
388.00000000000006	0.25	word	le
388.3	0.25	word	petit
388.6	0.25	word	prince,
388.9	0.25	word	en
389.2000000000001	0.25	word	lui-même,
389.50000000000006	0.25	word	durant
389.8	0.25	word	son
390.1	0.25	word	voyage.
392.9	0.25	word	La
393.2000000000001	0.25	word	seconde
393.50000000000006	0.25	word	planète
393.8	0.25	word	était
394.1	0.25	word	habitée
394.4	0.25	word	par
394.7000000000001	0.25	word	un
395.00000000000006	0.25	word	vaniteux:
395.3	0.25	word	"""ah!"
396.1	0.25	word	Ah!
396.9	0.25	word	Voilà
397.2000000000001	0.25	word	la
397.50000000000006	0.25	word	visite
397.8	0.25	word	d'un
398.1	0.25	word	"admirateur!"""
398.9	0.25	word	S'écria
399.2000000000001	0.25	word	de
399.50000000000006	0.25	word	loin
399.8	0.25	word	le
400.1	0.25	word	vaniteux
400.4	0.25	word	dès
400.7000000000001	0.25	word	qu'il
401.00000000000006	0.25	word	aperçut
401.3	0.25	word	le
401.6	0.25	word	petit
401.9	0.25	word	prince.
402.7000000000001	0.25	word	Car,
403.00000000000006	0.25	word	pour
403.3	0.25	word	les
403.6	0.25	word	vaniteux,
403.9	0.25	word	les
404.2000000000001	0.25	word	autres
404.50000000000006	0.25	word	hommes
404.8	0.25	word	sont
405.1	0.25	word	des
405.4	0.25	word	admirateurs.
406.2000000000001	0.25	word	"""bonjour,"
406.50000000000006	0.25	word	dit
406.8	0.25	word	le
407.1	0.25	word	petit
407.4	0.25	word	prince.
408.2000000000001	0.25	word	Vous
408.50000000000006	0.25	word	avez
408.8	0.25	word	un
409.1	0.25	word	drôle
409.4	0.25	word	de
409.7000000000001	0.25	word	chapeau.
410.50000000000006	0.25	word	-c'est
410.8	0.25	word	pour
411.1	0.25	word	saluer,
411.4	0.25	word	lui
411.7000000000001	0.25	word	répondit
412.00000000000006	0.25	word	le
412.3	0.25	word	vaniteux.
413.1	0.25	word	C'est
413.4	0.25	word	pour
413.7000000000001	0.25	word	saluer
414.00000000000006	0.25	word	quand
414.3	0.25	word	on
414.6	0.25	word	m'acclame.
415.4	0.25	word	Malheureusement
415.7000000000001	0.25	word	il
416.00000000000006	0.25	word	ne
416.3	0.25	word	passe
416.6	0.25	word	jamais
416.9	0.25	word	personne
417.2000000000001	0.25	word	par
417.50000000000006	0.25	word	ici.
418.30000000000007	0.25	word	-ah
418.6	0.25	word	oui?
419.4	0.25	word	Dit
419.7000000000001	0.25	word	le
420.00000000000006	0.25	word	petit
420.30000000000007	0.25	word	prince
420.6	0.25	word	qui
420.9	0.25	word	ne
421.2000000000001	0.25	word	comprit
421.50000000000006	0.25	word	pas.
422.30000000000007	0.25	word	-frappe
422.6	0.25	word	tes
422.9	0.25	word	mains
423.2000000000001	0.25	word	l'une
423.50000000000006	0.25	word	contre
423.80000000000007	0.25	word	"l'autre"","
424.1	0.25	word	conseilla
424.4	0.25	word	donc
424.7000000000001	0.25	word	le
425.00000000000006	0.25	word	vaniteux.
425.80000000000007	0.25	word	Le
426.1	0.25	word	petit
426.4	0.25	word	prince
426.7000000000001	0.25	word	frappa
427.00000000000006	0.25	word	ses
427.30000000000007	0.25	word	mains
427.6	0.25	word	l'une
427.9	0.25	word	contre
428.2000000000001	0.25	word	l'autre.
429.00000000000006	0.25	word	Le
429.30000000000007	0.25	word	vaniteux
429.6	0.25	word	salua
429.9	0.25	word	modestement
430.2000000000001	0.25	word	en
430.50000000000006	0.25	word	soulevant
430.80000000000007	0.25	word	son
431.1	0.25	word	chapeau.
431.9	0.25	word	"""ça,"
432.2000000000001	0.25	word	c'est
432.50000000000006	0.25	word	plus
432.80000000000007	0.25	word	amusant
433.1	0.25	word	que
433.4	0.25	word	la
433.7000000000001	0.25	word	visite
434.00000000000006	0.25	word	au
434.30000000000007	0.25	word	"roi"","
434.6	0.25	word	se
434.9	0.25	word	dit
435.2000000000001	0.25	word	en
435.50000000000006	0.25	word	lui-même
435.80000000000007	0.25	word	le
436.1	0.25	word	petit
436.4	0.25	word	prince.
437.2000000000001	0.25	word	Et
437.50000000000006	0.25	word	il
437.80000000000007	0.25	word	recommença
438.1	0.25	word	de
438.4	0.25	word	frapper
438.7000000000001	0.25	word	ses
439.00000000000006	0.25	word	mains
439.30000000000007	0.25	word	l'une
439.6	0.25	word	contre
439.9	0.25	word	l'autre.
440.7000000000001	0.25	word	Le
441.00000000000006	0.25	word	vaniteux
441.30000000000007	0.25	word	recommença
441.6	0.25	word	de
441.9	0.25	word	saluer
442.2000000000001	0.25	word	en
442.50000000000006	0.25	word	soulevant
442.80000000000007	0.25	word	son
443.1	0.25	word	chapeau.
443.9	0.25	word	Après
444.2000000000001	0.25	word	cinq
444.50000000000006	0.25	word	minutes
444.80000000000007	0.25	word	d'exercice
445.1	0.25	word	le
445.4	0.25	word	petit
445.7000000000001	0.25	word	prince
446.00000000000006	0.25	word	se
446.30000000000007	0.25	word	fatigua
446.6	0.25	word	de
446.9	0.25	word	la
447.2000000000001	0.25	word	monotonie
447.50000000000006	0.25	word	du
447.80000000000007	0.25	word	jeu:
448.1	0.25	word	"""et,"
448.4	0.25	word	pour
448.7000000000001	0.25	word	que
449.00000000000006	0.25	word	le
449.30000000000007	0.25	word	chapeau
449.6	0.25	word	tombe,
449.9	0.25	word	demanda-t-il,
450.2000000000001	0.25	word	que
450.50000000000006	0.25	word	faut-il
450.80000000000007	0.25	word	"faire?"""
451.6	0.25	word	Mais
451.9	0.25	word	le
452.2000000000001	0.25	word	vaniteux
452.50000000000006	0.25	word	ne
452.80000000000007	0.25	word	l'entendit
453.1	0.25	word	pas.
453.9	0.25	word	Les
454.2000000000001	0.25	word	vaniteux
454.50000000000006	0.25	word	n'entendent
454.80000000000007	0.25	word	jamais
455.1	0.25	word	que
455.4	0.25	word	les
455.7000000000001	0.25	word	louanges.
456.50000000000006	0.25	word	"""est-ce"
456.80000000000007	0.25	word	que
457.1	0.25	word	tu
457.4	0.25	word	m'admires
457.7000000000001	0.25	word	vraiment
458.00000000000006	0.25	word	beaucoup?
458.80000000000007	0.25	word	Demanda-t-il
459.1	0.25	word	au
459.4	0.25	word	petit
459.7000000000001	0.25	word	prince.
460.50000000000006	0.25	word	-qu'est-ce
460.80000000000007	0.25	word	que
461.1	0.25	word	signifie
461.4	0.25	word	"""admirer""?"
462.2000000000001	0.25	word	"-""admirer"""
462.50000000000006	0.25	word	signifie
462.80000000000007	0.25	word	reconnaître
463.1	0.25	word	que
463.4	0.25	word	je
463.7000000000001	0.25	word	suis
464.00000000000006	0.25	word	l'homme
464.30000000000007	0.25	word	le
464.6	0.25	word	plus
464.9	0.25	word	beau,
465.2000000000001	0.25	word	le
465.50000000000006	0.25	word	mieux
465.80000000000007	0.25	word	habillé,
466.1	0.25	word	le
466.4	0.25	word	plus
466.7000000000001	0.25	word	riche
467.00000000000006	0.25	word	et
467.30000000000007	0.25	word	le
467.6	0.25	word	plus
467.9	0.25	word	intelligent
468.2000000000001	0.25	word	de
468.50000000000006	0.25	word	la
468.80000000000007	0.25	word	planète.
469.6	0.25	word	-mais
469.9	0.25	word	tu
470.2000000000001	0.25	word	es
470.50000000000006	0.25	word	seul
470.80000000000007	0.25	word	sur
471.1	0.25	word	ta
471.4	0.25	word	planète!
472.2000000000001	0.25	word	-fais-moi
472.50000000000006	0.25	word	ce
472.80000000000007	0.25	word	plaisir.
473.6	0.25	word	Admire-moi
473.9	0.25	word	quand
474.2000000000001	0.25	word	même!
475.00000000000006	0.25	word	-je
475.30000000000007	0.25	word	t'admire,
475.6	0.25	word	dit
475.9	0.25	word	le
476.2000000000001	0.25	word	petit
476.50000000000006	0.25	word	prince,
476.80000000000007	0.25	word	en
477.1	0.25	word	haussant
477.4	0.25	word	un
477.7000000000001	0.25	word	peu
478.00000000000006	0.25	word	les
478.30000000000007	0.25	word	épaules,
478.6	0.25	word	mais
478.9	0.25	word	en
479.2000000000001	0.25	word	quoi
479.50000000000006	0.25	word	cela
479.80000000000007	0.25	word	peut-il
480.1	0.25	word	bien
480.4	0.25	word	"t'intéresser?"""
481.2000000000001	0.25	word	Et
481.50000000000006	0.25	word	le
481.80000000000007	0.25	word	petit
482.1	0.25	word	prince
482.4	0.25	word	s'en
482.7000000000001	0.25	word	fut.
483.50000000000006	0.25	word	"""les"
483.80000000000007	0.25	word	grandes
484.1	0.25	word	personnes
484.4	0.25	word	sont
484.7000000000001	0.25	word	décidément
485.00000000000006	0.25	word	bien
485.30000000000007	0.25	word	"bizarres"","
485.6	0.25	word	se
485.9	0.25	word	dit-il
486.2000000000001	0.25	word	simplement
486.50000000000006	0.25	word	en
486.80000000000007	0.25	word	lui-même
487.1	0.25	word	durant
487.4	0.25	word	son
487.7000000000001	0.25	word	voyage.
490.50000000000006	0.25	word	La
490.80000000000007	0.25	word	planète
491.1	0.25	word	suivante
491.4	0.25	word	était
491.7000000000001	0.25	word	habitée
492.00000000000006	0.25	word	par
492.30000000000007	0.25	word	un
492.6	0.25	word	buveur.
493.4	0.25	word	Cette
493.7000000000001	0.25	word	visite
494.00000000000006	0.25	word	fut
494.30000000000007	0.25	word	très
494.6	0.25	word	courte
494.9	0.25	word	mais
495.2000000000001	0.25	word	elle
495.50000000000006	0.25	word	plongea
495.80000000000007	0.25	word	le
496.1	0.25	word	petit
496.4	0.25	word	prince
496.7000000000001	0.25	word	dans
497.00000000000006	0.25	word	une
497.30000000000007	0.25	word	grande
497.6	0.25	word	mélancolie:
497.9	0.25	word	"""que"
498.2000000000001	0.25	word	fais-tu
498.50000000000006	0.25	word	là?
499.30000000000007	0.25	word	Dit-il
499.6	0.25	word	au
499.9	0.25	word	buveur,
500.2000000000001	0.25	word	qu'il
500.50000000000006	0.25	word	trouva
500.80000000000007	0.25	word	installé
501.1	0.25	word	en
501.4	0.25	word	silence
501.7000000000001	0.25	word	devant
502.00000000000006	0.25	word	une
502.30000000000007	0.25	word	collection
502.6	0.25	word	de
502.9	0.25	word	bouteilles
503.2000000000001	0.25	word	vides
503.50000000000006	0.25	word	et
503.80000000000007	0.25	word	une
504.1	0.25	word	collection
504.4	0.25	word	de
504.7000000000001	0.25	word	bouteilles
505.00000000000006	0.25	word	pleines.
505.80000000000007	0.25	word	-je
506.1	0.25	word	bois,
506.4	0.25	word	répondit
506.7000000000001	0.25	word	le
507.00000000000006	0.25	word	buveur,
507.30000000000007	0.25	word	d'un
507.6000000000001	0.25	word	air
507.9	0.25	word	lugubre.
508.7000000000001	0.25	word	-pourquoi
509.00000000000006	0.25	word	bois-tu?
509.80000000000007	0.25	word	Lui
510.1000000000001	0.25	word	demanda
510.4	0.25	word	le
510.7000000000001	0.25	word	petit
511.00000000000006	0.25	word	prince.
511.80000000000007	0.25	word	-pour
512.1000000000001	0.25	word	oublier,
512.4000000000001	0.25	word	répondit
512.7	0.25	word	le
513.0	0.25	word	buveur.
513.8000000000001	0.25	word	-pour
514.1000000000001	0.25	word	oublier
514.4000000000001	0.25	word	quoi?
515.2	0.25	word	S'enquit
515.5	0.25	word	le
515.8000000000001	0.25	word	petit
516.1000000000001	0.25	word	prince
516.4000000000001	0.25	word	qui
516.7	0.25	word	déjà
517.0	0.25	word	le
517.3000000000001	0.25	word	plaignait.
518.1000000000001	0.25	word	-pour
518.4000000000001	0.25	word	oublier
518.7	0.25	word	que
519.0	0.25	word	j'ai
519.3000000000001	0.25	word	honte,
519.6000000000001	0.25	word	avoua
519.9000000000001	0.25	word	le
520.2	0.25	word	buveur
520.5	0.25	word	en
520.8000000000001	0.25	word	baissant
521.1000000000001	0.25	word	la
521.4000000000001	0.25	word	tête.
522.2	0.25	word	-honte
522.5	0.25	word	de
522.8000000000001	0.25	word	quoi?
523.6000000000001	0.25	word	S'informa
523.9000000000001	0.25	word	le
524.2	0.25	word	petit
524.5	0.25	word	prince
524.8000000000001	0.25	word	qui
525.1000000000001	0.25	word	désirait
525.4000000000001	0.25	word	le
525.7	0.25	word	secourir.
526.5	0.25	word	-honte
526.8000000000001	0.25	word	de
527.1000000000001	0.25	word	"boire!"""
527.9000000000001	0.25	word	Acheva
528.2	0.25	word	le
528.5	0.25	word	buveur
528.8000000000001	0.25	word	qui
529.1000000000001	0.25	word	s'enferma
529.4000000000001	0.25	word	définitivement
529.7	0.25	word	dans
530.0	0.25	word	le
530.3000000000001	0.25	word	silence.
531.1000000000001	0.25	word	Et
531.4000000000001	0.25	word	le
531.7	0.25	word	petit
532.0	0.25	word	prince
532.3000000000001	0.25	word	s'en
532.6000000000001	0.25	word	fut,
532.9000000000001	0.25	word	perplexe.
533.7	0.25	word	"""les"
534.0	0.25	word	grandes
534.3000000000001	0.25	word	personnes
534.6000000000001	0.25	word	sont
534.9000000000001	0.25	word	décidément
535.2	0.25	word	très
535.5	0.25	word	très
535.8000000000001	0.25	word	"bizarres"","
536.1000000000001	0.25	word	se
536.4000000000001	0.25	word	disait-il
536.7	0.25	word	en
537.0	0.25	word	lui-même
537.3000000000001	0.25	word	durant
537.6000000000001	0.25	word	le
537.9000000000001	0.25	word	voyage.
